{
	"class_name" : "PinholeCameraParameters",
	"extrinsic" : 
	[
		-0.10462618800489995,
		-0.46756811045547808,
		0.87774336959538313,
		0.0,
		-0.27117577282500599,
		-0.83573072609293897,
		-0.47751215031340288,
		0.0,
		0.95682655743678247,
		-0.28798301260536696,
		-0.039353823631420648,
		0.0,
		-0.0055348165099526961,
		-0.011255033258754741,
		1.0614344765516255,
		1.0
	],
	"intrinsic" : 
	{
		"height" : 1080,
		"intrinsic_matrix" : 
		[
			935.30743608719399,
			0.0,
			0.0,
			0.0,
			935.30743608719399,
			0.0,
			959.5,
			539.5,
			1.0
		],
		"width" : 1920
	},
	"version_major" : 1,
	"version_minor" : 0
}