{
	"class_name" : "PinholeCameraParameters",
	"extrinsic" : 
	[
		0.96369692511862437,
		-0.25724747813143228,
		0.071498052504435444,
		0.0,
		-0.26099165823592402,
		-0.96409489257537873,
		0.049034604529167025,
		0.0,
		0.056316878892312155,
		-0.06591489289293781,
		-0.99623472939199487,
		0.0,
		-0.00091266044851799621,
		-0.01275959051711506,
		1.1734280072293624,
		1.0
	],
	"intrinsic" : 
	{
		"height" : 1080,
		"intrinsic_matrix" : 
		[
			935.30743608719399,
			0.0,
			0.0,
			0.0,
			935.30743608719399,
			0.0,
			959.5,
			539.5,
			1.0
		],
		"width" : 1920
	},
	"version_major" : 1,
	"version_minor" : 0
}